epoch,loss,rho
1,3.8258137217407793,
2,0.04856199962389941,
3,0.037196470970517787,
4,0.045356874231488015,
5,0.040158720023526405,
6,0.03565361758559928,
7,0.19863395270953807,
8,0.04836546004781964,
