{
  "model": "CRISPR_HNN_reconstructed_upstream_arch",
  "generated_at_utc": "2026-03-12T08:38:47.028755+00:00",
  "config": {
    "datasets": [
      "WT"
    ],
    "folds": 1,
    "epochs": 1,
    "batch_size": 16,
    "lr": 0.0001,
    "patience": 2,
    "seed": 2024,
    "max_rows": 200
  },
  "dataset_summaries": {
    "WT": {
      "dataset": "WT",
      "folds": [
        {
          "dataset": "WT",
          "fold": 0,
          "test_scc": 0.11980649516237907,
          "test_pcc": 0.11785388147245383,
          "best_val_mae": 0.23651652038097382,
          "train_rows": 200,
          "val_rows": 200,
          "test_rows": 200,
          "epochs_ran": 1
        }
      ],
      "mean_scc": 0.11980649516237907,
      "std_scc": 0.0,
      "mean_pcc": 0.11785388147245383,
      "std_pcc": 0.0
    }
  },
  "mean_scc_across_datasets": 0.11980649516237907
}