{
  "model": "mamba_variant",
  "test_spearman_rho": -0.0718641755659009,
  "test_p_value": 0.31936110957591635,
  "predictions": [
    0.29479819536209106,
    0.2946704924106598,
    0.2839037775993347,
    0.2969804108142853,
    0.29318875074386597,
    0.2963561415672302,
    0.30006885528564453,
    0.2949730157852173,
    0.29798591136932373,
    0.2887144982814789,
    0.29267874360084534,
    0.2978147268295288,
    0.29321056604385376,
    0.29984474182128906,
    0.2961680591106415,
    0.2934620976448059,
    0.2951447069644928,
    0.29015785455703735,
    0.29432424902915955,
    0.29448309540748596,
    0.29938963055610657,
    0.2932548522949219,
    0.2941083014011383,
    0.2998983860015869,
    0.29499155282974243,
    0.2965148389339447,
    0.2880237102508545,
    0.2936764359474182,
    0.2957974672317505,
    0.296695351600647,
    0.28093042969703674,
    0.2940986156463623,
    0.2941705584526062,
    0.2944381535053253,
    0.2952810823917389,
    0.297031432390213,
    0.29565879702568054,
    0.2985852360725403,
    0.2972045838832855,
    0.2990708351135254,
    0.2970719039440155,
    0.299150288105011,
    0.3009769022464752,
    0.3007459044456482,
    0.29614341259002686,
    0.29511335492134094,
    0.3000132739543915,
    0.28911536931991577,
    0.29608407616615295,
    0.29551032185554504,
    0.29484984278678894,
    0.2989010512828827,
    0.29514575004577637,
    0.28909963369369507,
    0.2970588803291321,
    0.29420217871665955,
    0.297614723443985,
    0.30081865191459656,
    0.2930498719215393,
    0.2957528233528137,
    0.29597142338752747,
    0.300788938999176,
    0.298627644777298,
    0.2947905957698822,
    0.2928708493709564,
    0.2949007749557495,
    0.29232126474380493,
    0.2900230884552002,
    0.29561832547187805,
    0.3003394305706024,
    0.29749596118927,
    0.29049813747406006,
    0.2967756986618042,
    0.2954696714878082,
    0.2998145520687103,
    0.291870653629303,
    0.2940791845321655,
    0.2961733639240265,
    0.2952367961406708,
    0.2921777367591858,
    0.2947828471660614,
    0.29523780941963196,
    0.2904333174228668,
    0.29770660400390625,
    0.2982062101364136,
    0.29193931818008423,
    0.2931157350540161,
    0.2909663915634155,
    0.29848527908325195,
    0.2940458059310913,
    0.29930609464645386,
    0.2914924919605255,
    0.30206260085105896,
    0.29105040431022644,
    0.29832369089126587,
    0.295891672372818,
    0.28998681902885437,
    0.2962624430656433,
    0.29603099822998047,
    0.29598841071128845,
    0.291133850812912,
    0.3036346137523651,
    0.2866159677505493,
    0.29319965839385986,
    0.2948748767375946,
    0.2957843840122223,
    0.29722651839256287,
    0.2924270033836365,
    0.2807582914829254,
    0.2980853319168091,
    0.2924934923648834,
    0.292159765958786,
    0.29636359214782715,
    0.2981237471103668,
    0.2972155809402466,
    0.29447871446609497,
    0.2961920499801636,
    0.29871708154678345,
    0.3000190556049347,
    0.2906177341938019,
    0.29660406708717346,
    0.2914794087409973,
    0.28960320353507996,
    0.29220858216285706,
    0.29078391194343567,
    0.2914603352546692,
    0.30059313774108887,
    0.2947714328765869,
    0.30194008350372314,
    0.29501041769981384,
    0.2923732101917267,
    0.29351744055747986,
    0.2909868061542511,
    0.2937714457511902,
    0.2975687086582184,
    0.2977542579174042,
    0.29849955439567566,
    0.3014333248138428,
    0.2947053611278534,
    0.29983705282211304,
    0.2937939763069153,
    0.2898317277431488,
    0.2952318489551544,
    0.2927277386188507,
    0.2949422597885132,
    0.2916673421859741,
    0.29433688521385193,
    0.2977016866207123,
    0.29633212089538574,
    0.28778642416000366,
    0.2925061583518982,
    0.29343128204345703,
    0.2990107238292694,
    0.2961251437664032,
    0.294456422328949,
    0.29904741048812866,
    0.2909255623817444,
    0.301331490278244,
    0.2920612692832947,
    0.29770246148109436,
    0.2986608147621155,
    0.29402926564216614,
    0.2979157269001007,
    0.2952999770641327,
    0.29378435015678406,
    0.29497429728507996,
    0.291586697101593,
    0.30158525705337524,
    0.2978486716747284,
    0.30076438188552856,
    0.2922496795654297,
    0.289819598197937,
    0.2949349880218506,
    0.2982051372528076,
    0.2965354919433594,
    0.29148387908935547,
    0.2936898171901703,
    0.2902818024158478,
    0.2948916554450989,
    0.2957485616207123,
    0.29848718643188477,
    0.2956200838088989,
    0.299832284450531,
    0.2956705391407013,
    0.2994072437286377,
    0.2944198250770569,
    0.2942614257335663,
    0.2975032925605774,
    0.2940751016139984,
    0.29350611567497253,
    0.29285532236099243,
    0.29547518491744995,
    0.29453665018081665,
    0.29144319891929626
  ],